Price,Type,Bedrooms,Bathrooms,Square Feet,City
124999,Condo,2,2,988,Houston
299900,Townhouse,3,4,2121,Houston
400000,House,3,2,1508,Houston
419000,House,4,3,3403,Houston
439900,House,5,4,4097,Houston
129000,Condo,1,1,726,Houston
129900,Townhouse,1,1,850,Houston
173999,House,3,2,1334,Houston
179000,House,3,1,1165,Houston
214000,House,3,2,1544,Houston
220000,House,4,2,3042,Houston
250000,House,4,3,2240,Houston
273000,Condo,2,2,1206,Houston
319000,House,4,2,2332,Houston
325000,House,4,3,2651,Houston
325000,House,3,2,1858,Houston
345000,House,4,3,2629,Houston
365000,House,3,4,2500,Houston
599900,Townhouse,3,4,2958,Houston
724000,House,3,5,4185,Houston
119000,House,2,2,1098,Houston
139900,Townhouse,2,3,1620,Houston
140000,Townhouse,2,2,1076,Houston
150000,Townhouse,3,3,1636,Houston
183900,Townhouse,2,3,1280,Houston
190000,House,3,3,2052,Houston
299900,Townhouse,3,4,2100,Houston
315000,House,2,1,1406,Houston
323000,Townhouse,2,3,1976,Houston
359500,House,3,2,1490,Houston
429900,House,3,4,2544,Houston
850000,House,3,2,1925,Houston
1599900,House,5,4,4010,Houston
2995000,House,5,6,5544,Houston
168500,House,4,2,1615,Houston
249000,House,3,2,1632,Houston
297000,House,2,3,1424,Houston
380000,Townhouse,3,3,2196,Houston
595000,House,2,3,3050,Houston
619900,House,3,5,2498,Houston
685000,House,3,3,3231,Houston
735000,House,3,4,2424,Houston
67000,Condo,1,1,810,Houston
170000,House,3,2,1848,Houston
214900,Condo,2,3,1340,Houston
230000,Townhouse,3,3,1872,Houston
230000,House,3,2,1669,Houston
238000,House,3,2,1973,Houston
261000,Townhouse,2,3,1543,Houston
275000,House,3,2,1515,Houston
369000,House,2,3,1512,Houston
374900,House,4,4,2254,Houston
464900,Townhouse,2,2,1920,Houston
469900,House,3,2,1770,Houston
479000,House,4,4,3208,Houston
499000,House,3,3,2650,Houston
550000,House,3,2,1725,Houston
629000,House,4,3,2526,Houston
689000,House,3,2,1778,Houston
1350000,House,4,4,3682,Houston
1649000,House,4,5,5059,Houston
153000,House,2,3,1444,Houston
189000,House,2,2,975,Houston
220000,Condo,1,2,1398,Houston
235000,House,3,3,1640,Houston
265000,House,2,2,1286,Houston
449000,House,2,3,2015,Houston
479999,Townhouse,3,4,3086,Houston
488500,Townhouse,3,3,2699,Houston
1750000,House,3,4,3069,Houston
525000,House,3,3,2641,Houston
249000,House,3,3,1737,Houston
635000,Townhouse,3,4,2933,Houston
1525000,House,3,4,2832,Houston
2000000,House,3,5,4241,Houston
2499000,House,4,6,4568,Houston
240000,Townhouse,3,3,2044,Houston
289900,House,4,2,1923,Houston
299900,Townhouse,3,3,2437,Houston
595000,House,3,3,2508,Houston
695000,House,4,3,3148,Houston
790000,House,4,5,3996,Houston
80000,Townhouse,3,2,1120,Houston
82999,Condo,1,1,651,Houston
95000,Condo,2,1,767,Houston
109900,Townhouse,3,2,1360,Houston
145000,House,3,2,1154,Houston
188000,Condo,1,1,886,Houston
192500,House,3,2,1498,Houston
212000,Condo,1,1,917,Houston
235000,House,1,1,1026,Houston
239900,House,4,2,2101,Houston
305000,House,4,4,3064,Houston
373000,House,4,3,2927,Houston
380000,House,4,3,2582,Houston
425000,Townhouse,3,4,2024,Houston
449900,House,5,4,3692,Houston
487500,House,3,4,2409,Houston
499500,House,3,3,3081,Houston
649000,House,2,2,1370,Houston
795000,House,3,4,3593,Houston
800000,House,3,3,3444,Houston
850000,Condo,2,3,2690,Houston
1185000,House,3,3,3158,Houston
144900,House,3,1,1096,Houston
160000,House,3,2,1489,Houston
195000,Townhouse,2,1,1726,Houston
209500,House,4,2,2268,Houston
238000,House,4,3,2306,Houston
387900,Townhouse,3,4,1850,Houston
440000,House,2,1,1325,Houston
474500,House,4,4,4124,Houston
829000,House,3,2,1617,Houston
845000,House,4,4,4722,Houston
1390000,House,5,6,6486,Houston
2155000,House,3,4,3605,Houston
2600000,House,5,6,5024,Houston
155000,Condo,2,1,796,Houston
189500,Townhouse,2,2,1422,Houston
215000,Condo,1,2,847,Houston
250000,House,3,2,1212,Houston
279500,House,3,3,2226,Houston
460000,House,3,4,2346,Houston
569000,House,4,3,2359,Houston
1250000,House,4,3,3276,Houston
1550000,House,4,4,3184,Houston
129800,Condo,2,1,840,Houston
175000,House,3,3,1904,Houston
179000,Condo,0,1,850,Houston
189900,House,3,2,1563,Houston
195000,House,3,3,2234,Houston
509000,House,3,4,2408,Houston
514900,House,4,4,3440,Houston
179950,Condo,2,2,988,Houston
245000,Condo,2,2,1006,Houston
250000,Condo,2,2,1095,Houston
279900,House,2,3,2088,Houston
420000,House,4,3,2631,Houston
538000,House,4,5,3321,Houston
549900,House,3,4,2477,Houston
5799900,House,5,7,8624,Houston
235000,Apartment,1,1,1026,Houston
149000,House,3,2,2055,Houston
275000,House,3,3,1542,Houston
289999,House,4,3,2627,Houston
495000,House,4,3,2492,Houston
585000,Townhouse,3,4,2846,Houston
1350000,House,4,3,2663,Houston
1900000,House,3,3,2733,Houston
2299000,House,5,7,6520,Houston
427000,House,3,4,2410,Houston
427000,House,3,4,2410,Houston
440000,Townhouse,3,4,2918,Houston
449000,House,3,3,2144,Houston
459000,House,3,4,2437,Houston
469000,House,3,4,3104,Houston
469000,House,3,4,3104,Houston
469000,House,3,4,3104,Houston
469000,House,3,4,3104,Houston
519000,House,4,4,3264,Houston
575000,Townhouse,3,4,3032,Houston
599900,Condo,2,2,1780,Houston
610000,House,3,4,3055,Houston
610000,House,3,4,3075,Houston
659000,House,3,2,2180,Houston
679000,House,4,3,2890,Houston
895000,House,5,4,3130,Houston
959000,House,5,4,3242,Houston
999900,House,7,6,6686,Houston
75000,House,2,1,480,Houston
88900,Condo,3,2,1274,Houston
169500,House,3,2,1538,Houston
180000,House,5,3,2420,Houston
191000,Condo,2,2,1087,Houston
195000,House,3,2,1764,Houston
240000,House,4,3,2616,Houston
265000,House,4,3,2366,Houston
274900,House,3,3,1658,Houston
350000,House,3,2,1370,Houston
379000,House,3,2,1544,Houston
389500,House,2,1,1098,Houston
458880,House,3,4,2444,Houston
465000,House,4,3,2562,Houston
509000,House,4,2,2562,Houston
725000,House,3,5,3400,Houston
949000,House,4,4,3728,Houston
1400000,House,3,4,2511,Houston
1579000,House,4,5,4626,Houston
1750000,House,2,3,2126,Houston
2195000,House,5,7,7632,Houston
2875000,House,4,6,6475,Houston
4549000,House,5,9,6569,Houston
249000,House,4,3,2378,Houston
725000,House,3,4,3166,Houston
849000,House,3,3,2610,Houston
1224000,House,5,7,4872,Houston
2185000,House,5,6,5151,Houston
135000,House,3,2,1730,Houston
249000,House,4,2,2143,Houston
824999,House,4,4,3518,Houston
1125000,House,5,4,3502,Houston
1230000,House,2,3,2021,Houston
1830000,House,3,4,2999,Houston
3855000,House,4,6,4736,Houston
540000,House,4,4,2438,Houston
1850000,House,4,5,4489,Houston
259900,House,2,2,1350,Houston
149000,Condo,2,2,875,Houston
184900,House,3,2,1429,Houston
195000,House,3,2,1944,Houston
299000,House,2,2,1352,Houston
574900,House,4,3,3229,Houston
739000,House,4,5,3725,Houston
525000,House,2,2,970,Houston
649000,Townhouse,4,4,3244,Houston
1350000,House,4,4,4094,Houston
82000,Condo,1,1,765,Houston
165000,House,4,2,1352,Houston
359000,Townhouse,3,4,2246,Houston
385900,House,3,2,1864,Houston
387000,House,3,4,2151,Houston
415000,House,5,3,2618,Houston
499000,House,3,3,2641,Houston
540000,House,3,3,2007,Houston
555000,House,5,4,3671,Houston
649900,House,3,4,2541,Houston
1555000,House,3,4,2548,Houston
142000,House,2,2,1296,Houston
235000,House,3,2,1638,Houston
239000,House,2,4,1528,Houston
240000,House,5,3,2736,Houston
323000,House,3,3,2616,Houston
440000,House,4,4,3120,Houston
595000,House,3,3,2390,Houston
650000,House,4,4,3364,Houston
1450000,House,4,4,3656,Houston
1635400,House,2,3,2257,Houston
80000,Condo,1,1,712,Houston
150000,Townhouse,2,3,1248,Houston
225000,Condo,2,2,1080,Houston
250000,Townhouse,2,3,1600,Houston
120000,Condo,1,1,671,Houston
153999,Townhouse,3,3,1344,Houston
158000,House,3,2,1181,Houston
185000,House,3,2,1510,Houston
199000,House,1,1,546,Houston
249000,House,4,3,2755,Houston
275000,House,4,3,1889,Houston
375000,Condo,1,2,1344,Houston
379000,Townhouse,3,4,2284,Houston
399000,Condo,3,3,1748,Houston
475000,House,3,3,2454,Houston
515000,House,3,3,2287,Houston
545000,House,3,4,2308,Houston
1069000,House,3,4,3300,Houston
1150000,House,4,5,3986,Houston
375000,House,2,3,1467,Houston
499000,House,3,2,1944,Houston
905000,House,3,3,3188,Houston
210000,House,1,1,800,Houston
255000,House,4,3,2539,Houston
280000,House,3,2,2402,Houston
313000,Townhouse,2,2,1166,Houston
379900,House,2,1,877,Houston
495000,House,3,3,2392,Houston
749000,House,4,3,3096,Houston
765000,House,3,2,2021,Houston
850000,House,4,4,3470,Houston
1095000,House,3,4,3753,Houston
3250000,House,5,6,5166,Houston
89900,Townhouse,2,2,950,Houston
224900,House,4,3,2364,Houston
229000,Condo,2,1,1138,Houston
255000,House,4,3,2080,Houston
380000,House,3,4,2226,Houston
419000,House,4,3,3097,Houston
425000,House,3,2,1492,Houston
449000,House,2,2,1506,Houston
535000,House,3,3,2612,Houston
565000,House,3,4,2947,Houston
975000,House,4,4,3701,Houston
1495000,House,4,5,4351,Houston
1699000,House,4,4,4335,Houston
184900,House,3,2,1452,Houston
269900,Townhouse,2,3,1846,Houston
357400,House,4,2,1820,Houston
735000,House,4,5,3282,Houston
1495000,House,3,3,2618,Houston
1590000,House,5,7,4882,Houston
2800000,House,4,5,5841,Houston
4380000,House,6,9,10352,Houston
245000,House,2,3,2026,Houston
379000,Townhouse,3,4,2268,Houston
405000,House,3,4,3210,Houston
579000,House,3,5,3039,Houston
750000,House,4,2,2242,Houston
1999999,House,4,5,5899,Houston
2175000,House,4,6,5748,Houston
500000,House,3,1,1300,Houston
149600,House,4,4,1392,Houston
225000,Townhouse,4,3,2049,Houston
270000,Apartment,2,2,1546,Houston
479900,House,3,4,2340,Houston
699999,House,3,4,2823,Houston
1899000,House,4,5,4704,Houston
119999,Townhouse,2,3,1218,Houston
179000,House,2,1,680,Houston
220000,Condo,2,2,1528,Houston
235000,House,3,3,2595,Houston
239900,House,3,2,2045,Houston
285000,Condo,1,2,979,Houston
395000,House,2,3,2257,Houston
425000,House,2,1,936,Houston
450000,House,3,1,1294,Houston
619990,House,4,4,4290,Houston
690000,House,2,2,2844,Houston
899999,House,4,5,4010,Houston
1500000,House,3,3,3623,Houston
5500000,House,5,8,10203,Houston
169900,House,4,3,1990,Houston
179900,Condo,1,1,675,Houston
239000,House,2,3,1582,Houston
259800,House,3,2,1520,Houston
375000,House,3,3,1999,Houston
399000,Townhouse,3,4,2726,Houston
500000,Townhouse,3,4,2354,Houston
525000,House,3,4,2091,Houston
1295000,House,5,6,4872,Houston
100000,Condo,3,3,1864,Houston
299900,Townhouse,2,3,1500,Houston
309500,House,4,3,2388,Houston
565000,House,3,4,2896,Houston
975000,House,3,4,3223,Houston
2000000,Apartment,3,4,2879,Houston
249999,House,3,2,1408,Houston
264900,House,2,2,1150,Houston
280000,House,3,3,2410,Houston
328000,House,3,3,2234,Houston
328000,House,3,3,2139,Houston
329900,Townhouse,2,3,1720,Houston
366000,House,3,3,2039,Houston
370000,House,3,3,2039,Houston
450000,Townhouse,3,4,2631,Houston
485000,House,4,3,2730,Houston
579000,House,3,3,2702,Houston
678000,House,4,4,3554,Houston
695000,Condo,3,4,2841,Houston
749500,House,5,4,3549,Houston
799797,House,3,4,3297,Houston
850000,House,4,4,3257,Houston
130000,House,3,2,1152,Houston
229000,Townhouse,2,2,1290,Houston
724500,House,3,3,3258,Houston
995000,House,5,4,4007,Houston
1265000,House,4,4,4217,Houston
1450000,House,5,6,4238,Houston
570000,House,4,2,2086,Houston
695000,House,3,4,3297,Houston
729999,Townhouse,3,4,3120,Houston
1575000,House,4,4,4717,Houston
124900,House,3,1,1302,Houston
465000,Apartment,2,2,1532,Houston
531000,House,3,4,2748,Houston
625000,House,4,4,3330,Houston
649000,Townhouse,3,4,3478,Houston
729000,House,2,3,2702,Houston
799000,House,3,3,3838,Houston
2595000,House,5,5,7121,Houston
76000,Condo,3,2,1274,Houston
149900,Townhouse,1,2,858,Houston
199990,House,3,2,1795,Houston
215000,House,4,3,2857,Houston
420000,House,4,3,2495,Houston
475000,House,4,3,2429,Houston
519000,Townhouse,3,4,3227,Houston
519000,House,2,3,2358,Houston
1799999,House,5,5,4753,Houston
1899000,House,4,5,4704,Houston
2595000,House,4,6,5890,Houston
96000,Condo,2,2,904,Houston
110000,Condo,2,2,904,Houston
158000,Townhouse,2,3,1320,Houston
186900,House,3,2,1110,Houston
195000,House,1,1,602,Houston
218000,House,3,3,1841,Houston
230000,House,3,2,1476,Houston
239000,House,4,2,1832,Houston
279000,House,3,3,2579,Houston
298000,Condo,2,1,1351,Houston
335000,Condo,2,2,1422,Houston
395000,House,2,3,2061,Houston
424900,Townhouse,3,4,2240,Houston
433000,House,3,4,2503,Houston
519000,House,3,3,3200,Houston
598000,House,4,5,3611,Houston
619900,House,3,3,2502,Houston
672000,House,5,4,4666,Houston
675000,House,3,3,2379,Houston
1348950,House,3,4,4142,Houston
155000,Condo,1,1,785,Houston
299000,Apartment,2,2,1955,Houston
540000,House,3,3,2284,Houston
695000,House,4,4,4046,Houston
959000,House,6,4,5140,Houston
198000,Condo,2,3,1332,Houston
425000,House,3,2,2139,Houston
519000,House,2,3,1650,Houston
610000,Condo,3,3,2734,Houston
1080000,House,3,6,4804,Houston
175000,House,4,2,1632,Houston
185000,Townhouse,2,3,1408,Houston
399900,House,3,2,1801,Houston
824000,House,4,3,2406,Houston
249000,Condo,2,3,2129,Houston
599000,House,3,4,2617,Houston
349000,House,2,3,2192,Houston
461000,Townhouse,2,3,2338,Houston
495000,House,3,4,2509,Houston
620000,House,3,2,2258,Houston
774999,House,4,4,3252,Houston
132000,Condo,1,1,532,Houston
264900,Townhouse,3,3,1804,Houston
279900,House,3,3,2924,Houston
299000,Apartment,2,2,919,Houston
349000,Townhouse,3,4,2278,Houston
359900,House,3,4,1933,Houston
389900,Townhouse,3,3,2016,Houston
395000,House,3,4,2273,Houston
699000,House,2,2,1772,Houston
715000,House,4,3,3210,Houston
799000,House,3,4,3087,Houston
1649000,House,3,3,3096,Houston
320000,House,4,4,3831,Houston
420500,Townhouse,3,4,2117,Houston
429900,House,3,4,2036,Houston
580000,House,4,3,2656,Houston
599000,House,3,4,4295,Houston
698000,House,4,3,3083,Houston
775000,House,3,4,3174,Houston
1149000,House,4,3,2566,Houston
1897000,House,4,5,3584,Houston
2675000,House,4,6,5770,Houston
3385000,House,4,5,4042,Houston
235000,House,4,3,2406,Houston
259000,House,4,3,3036,Houston
300000,Condo,2,2,1017,Houston
325000,House,2,2,1255,Houston
449000,House,3,4,2379,Houston
565000,Townhouse,4,3,3245,Houston
639000,House,5,4,3670,Houston
735000,House,4,3,2800,Houston
769000,House,4,4,3200,Houston
780000,Townhouse,3,3,3239,Houston
820000,House,5,4,3814,Houston
875000,House,3,2,2026,Houston
1225000,House,4,4,4002,Houston
1289000,House,4,4,3452,Houston
250000,House,3,3,2765,Houston
335000,House,3,2,1808,Houston
415000,House,3,2,1711,Houston
415000,Apartment,2,2,1408,Houston
535000,House,3,3,2054,Houston
756000,House,3,4,4336,Houston
864999,House,4,3,2789,Houston
925000,House,5,4,3624,Houston
1149000,House,3,4,3513,Houston
1725000,House,4,5,3597,Houston
4395000,House,5,8,6871,Houston
12900000,House,6,10,11248,Houston
405000,House,3,4,2359,Houston
789000,House,4,5,3885,Houston
180000,House,4,2,1495,Houston
249000,Townhouse,3,3,1702,Houston
284900,House,4,3,2062,Houston
289000,House,4,3,2645,Houston
414500,Townhouse,3,4,2220,Houston
420000,House,3,4,2286,Houston
449990,Townhouse,3,4,2349,Houston
459000,Townhouse,3,4,2524,Houston
549000,House,3,3,2413,Houston
850000,House,4,4,3058,Houston
625000,Apartment,2,2,1691,Houston
925000,House,3,3,3170,Houston
99900,House,3,1,954,Houston
139900,House,4,2,1400,Houston
579000,House,3,3,2064,Houston
589000,Townhouse,3,4,3459,Houston
600000,Townhouse,3,4,2391,Houston
1199000,House,4,4,3008,Houston
1495000,House,4,4,3450,Houston
119900,House,3,2,1028,Houston
298900,House,3,2,1470,Houston
399900,House,2,3,1900,Houston
405000,Condo,2,2,1590,Houston
599900,House,4,3,2345,Houston
315000,House,3,2,1460,Houston
965000,House,2,3,3312,Houston
1475000,House,4,6,5082,Houston
315000,House,4,3,1946,Houston
299900,Condo,1,1,1025,Houston
360000,House,2,3,1786,Houston
499000,House,3,3,2599,Houston
609000,House,3,3,2945,Houston
630000,House,3,5,2690,Houston
635000,House,4,3,3402,Houston
869000,House,3,2,2172,Houston
2285000,House,5,7,6437,Houston
2600000,House,4,4,4720,Houston
115000,Condo,1,1,680,Houston
399000,Townhouse,3,3,2020,Houston
399999,House,4,2,2073,Houston
87500,Condo,1,1,863,Houston
259000,House,3,2,2039,Houston
305000,House,3,3,1797,Houston
345000,House,3,3,2273,Houston
435000,House,3,3,2871,Houston
549000,House,2,3,2780,Houston
609000,House,3,4,3364,Houston
895000,House,3,4,5142,Houston
955000,House,3,4,3198,Houston
1525000,House,3,4,2834,Houston
2995000,House,6,8,7376,Houston
4895000,House,5,5,6828,Houston
169000,House,3,2,1060,Houston
245000,Townhouse,3,3,1804,Houston
249000,Townhouse,2,2,1068,Houston
330000,House,3,2,2732,Houston
358000,House,3,2,1612,Houston
120000,Townhouse,2,2,1428,Houston
280000,Condo,2,3,1720,Houston
239900,Townhouse,3,3,1913,Houston
244000,Apartment,1,1,982,Houston
270000,House,2,2,1309,Houston
895000,Apartment,2,3,2690,Houston
285000,House,3,2,2106,Houston
285000,House,3,3,1515,Houston
359000,House,4,3,2981,Houston
430000,House,3,3,2147,Houston
499000,House,3,4,2636,Houston
510000,Townhouse,2,3,2824,Houston
929500,House,4,4,4331,Houston
1775000,House,5,6,5442,Houston
274900,House,4,4,2636,Houston
397500,House,5,4,2867,Houston
549950,Townhouse,3,4,2472,Houston
610000,House,3,2,1160,Houston
799000,House,3,4,3440,Houston
1225000,House,4,4,3472,Houston
195000,House,3,2,1860,Houston
373888,House,4,4,2956,Houston
1849000,House,5,4,5229,Houston
285000,House,4,3,2892,Houston
315000,Apartment,2,2,1415,Houston
629000,House,4,4,2703,Houston
2495000,House,3,4,3372,Houston
4895000,House,4,6,7291,Houston
279900,House,2,3,1269,Houston
349900,House,3,1,1318,Houston
369000,Townhouse,3,4,2050,Houston
520000,House,4,2,2480,Houston
725000,House,3,2,1712,Houston
799000,House,5,3,4006,Houston
995000,House,3,3,3978,Houston
1850000,House,5,7,6373,Houston
2850000,House,4,5,5787,Houston
350000,Townhouse,3,3,3118,Houston
950000,House,4,5,3978,Houston
1650000,House,3,4,3967,Houston
280000,Townhouse,2,2,1167,Houston
399000,House,3,4,2347,Houston
429000,Townhouse,3,4,2039,Houston
899495,House,3,4,4079,Houston
975000,House,2,4,2867,Houston
2225000,House,5,6,6910,Houston
340000,House,3,4,2062,Houston
549900,House,3,2,1880,Houston
699000,House,4,3,2631,Houston
789000,House,3,3,2232,Houston
1496250,House,4,5,4275,Houston
480000,House,5,4,4238,Houston
550000,House,3,3,3445,Houston
1799999,House,4,6,4303,Houston
3679000,House,5,7,6816,Houston
274900,House,3,2,1728,Houston
349000,House,3,2,1384,Houston
355000,House,4,2,2216,Houston
86500,Condo,3,2,1274,Houston
499000,House,2,3,1234,Houston
269900,House,4,2,2467,Houston
585000,House,3,3,3082,Houston
99500,Townhouse,2,1,841,Houston
369000,Townhouse,3,3,2014,Houston
649000,House,3,4,3179,Houston
1479000,House,5,6,4714,Houston
5950000,Apartment,2,3,4647,Houston
48900,Condo,1,1,776,Houston
110000,Condo,1,1,789,Houston
359000,House,3,3,1887,Houston
245000,Condo,2,2,1497,Houston
419000,Apartment,2,3,1854,Houston
160000,Condo,3,3,1602,Houston
1250000,House,2,4,3047,Houston
2249000,House,4,6,5140,Houston
918000,House,3,3,2730,Houston
245000,Condo,2,2,1546,Houston
309000,Townhouse,2,3,1866,Houston
574500,House,3,4,2684,Houston
644999,House,3,2,1371,Houston
799000,House,3,3,2471,Houston
1045000,House,4,3,3071,Houston
482500,Townhouse,3,4,2239,Houston
585000,House,3,3,2751,Houston
689000,House,3,4,2787,Houston
1850000,House,5,7,6373,Houston
1999000,House,4,5,5111,Houston
140000,Condo,2,3,1520,Houston
274900,House,3,3,1658,Houston
125000,House,2,1,1044,Houston
315000,Townhouse,2,3,1262,Houston
349000,House,3,2,2491,Houston
819000,House,3,3,2480,Houston
1049000,House,3,5,2876,Houston
309900,House,2,2,1834,Houston
750000,House,4,4,3601,Houston
154900,Condo,2,2,1224,Houston
489500,House,5,4,4323,Houston
353900,House,3,2,1940,Houston
1224000,House,5,7,4872,Houston
1995000,Apartment,3,6,4444,Houston
264900,Townhouse,3,3,1824,Houston
430000,House,3,3,1994,Houston
263000,Condo,2,3,1624,Houston
750000,House,4,5,3657,Houston
178500,Condo,1,1,679,Houston
375000,House,3,4,2132,Houston
1589999,Townhouse,4,5,4394,Houston
339000,House,3,2,1552,Houston
650000,Condo,3,4,3060,Houston
795000,House,3,2,2708,Houston
899950,House,5,5,4010,Houston
1200000,House,4,3,2874,Houston
1295000,House,4,4,3391,Houston
2800000,Apartment,0,0,5518,Houston
230000,Apartment,1,1,795,Houston
299000,House,4,2,2526,Houston
499000,House,3,2,1889,Houston
1050000,House,5,6,5494,Houston
275000,House,1,1,751,Houston
400000,Townhouse,3,4,2517,Houston
769000,House,3,5,3800,Houston
125000,House,4,2,1200,Houston
399500,House,4,4,3717,Houston
409900,Townhouse,3,3,1822,Houston
448000,Townhouse,3,4,3010,Houston
1105000,House,2,2,1862,Houston
1195000,Apartment,3,4,3308,Houston
199900,House,4,4,2679,Houston
295000,Townhouse,3,3,2586,Houston
459000,Townhouse,3,3,2532,Houston
535000,House,3,3,2520,Houston
249000,Condo,2,3,1560,Houston
339500,House,3,2,1635,Houston
370000,House,2,1,889,Houston
224900,House,3,2,1070,Austin
246200,House,3,3,1538,Austin
279000,Condo,2,1,1004,Austin
304900,Condo,3,2,1206,Austin
315000,Condo,3,3,1170,Austin
318900,Condo,3,3,1239,Austin
359000,House,3,2,2008,Austin
490000,Condo,2,3,1586,Austin
525000,Condo,1,1,760,Austin
549000,House,3,3,2292,Austin
798900,Duplex,0,0,2381,Austin
1350000,House,4,3,2880,Austin
1875000,Condo,2,3,1926,Austin
285000,Condo,2,2,1300,Austin
309900,House,2,2,1010,Austin
359000,House,3,2,1411,Austin
649500,House,3,2,1342,Austin
1247000,House,4,4,2764,Austin
225000,House,2,2,988,Austin
234900,House,3,2,1259,Austin
235000,Condo,1,1,701,Austin
245000,Condo,1,2,968,Austin
259000,Condo,3,3,1362,Austin
259000,House,3,3,1362,Austin
295000,House,4,2,1645,Austin
300000,House,3,3,2111,Austin
320000,House,3,2,2063,Austin
325000,Duplex,0,0,1918,Austin
325000,House,4,2,1450,Austin
359900,House,3,2,1202,Austin
365000,House,3,2,1890,Austin
390000,House,3,3,1488,Austin
395000,Townhouse,3,2,990,Austin
397500,House,3,2,1988,Austin
399900,Condo,3,3,2305,Austin
425000,House,3,3,2307,Austin
435000,House,3,2,1416,Austin
449995,Condo,3,3,2151,Austin
450000,House,4,3,2907,Austin
450000,House,2,1,1077,Austin
470000,House,3,2,1457,Austin
474900,House,3,1,1069,Austin
475000,Condo,1,1,930,Austin
494500,House,3,2,2611,Austin
495000,House,3,1,936,Austin
510000,House,2,3,831,Austin
514000,House,2,3,2075,Austin
515000,House,3,2,1759,Austin
515000,House,2,3,1528,Austin
519000,House,4,2,1731,Austin
520000,House,2,3,1528,Austin
525000,House,2,1,1132,Austin
575000,House,4,3,2506,Austin
617999,Condo,2,2,1349,Austin
620000,Condo,3,3,1438,Austin
629000,Condo,3,2,1985,Austin
649999,House,4,3,3245,Austin
699000,House,4,4,2552,Austin
705000,Condo,3,3,1631,Austin
800000,House,4,4,2792,Austin
915000,House,4,4,3760,Austin
920000,House,4,3,2099,Austin
999500,Condo,2,2,1351,Austin
1799900,House,4,4,2766,Austin
1895000,House,4,5,4443,Austin
200000,Condo,1,1,417,Austin
240000,House,3,3,1534,Austin
254200,Condo,2,1,699,Austin
254900,Condo,1,1,761,Austin
255000,Condo,2,3,1506,Austin
300000,House,3,2,1322,Austin
312000,Condo,3,3,1707,Austin
320000,Condo,2,2,872,Austin
329900,House,3,2,1317,Austin
350000,House,4,2,1584,Austin
360000,Duplex,0,0,1796,Austin
385000,Duplex,0,0,1539,Austin
399000,Condo,1,1,931,Austin
415000,Condo,3,2,1166,Austin
419900,House,4,3,2334,Austin
424900,House,3,2,1066,Austin
425000,House,3,2,1200,Austin
436558,House,4,3,2432,Austin
439900,House,3,2,1340,Austin
439900,Duplex,0,0,1625,Austin
445000,House,4,3,2406,Austin
450000,House,4,3,2584,Austin
459000,Condo,2,2,1111,Austin
479900,House,3,1,1168,Austin
485000,House,4,2,2881,Austin
510000,Condo,1,1,839,Austin
510000,House,3,2,1483,Austin
525000,House,3,2,1725,Austin
535000,House,3,2,1919,Austin
535000,House,3,2,1749,Austin
540000,House,3,2,1400,Austin
575000,House,3,2,1705,Austin
575000,Condo,2,2,1360,Austin
625000,Condo,1,1,1087,Austin
700000,House,3,2,2851,Austin
774900,House,4,3,2922,Austin
774900,House,3,3,2004,Austin
774900,Condo,4,3,2356,Austin
775000,House,4,4,3304,Austin
775000,House,4,4,1818,Austin
775000,House,4,4,2463,Austin
829000,House,2,2,1065,Austin
856291,House,4,3,2884,Austin
899900,Condo,3,3,1830,Austin
925000,House,4,3,3233,Austin
1000000,House,5,5,5587,Austin
1150000,House,4,4,2485,Austin
1249000,House,4,4,3040,Austin
1295000,House,5,4,4373,Austin
1295000,Condo,4,2,1292,Austin
1795000,House,3,2,2570,Austin
1895000,House,4,5,3056,Austin
1895000,House,5,4,3056,Austin
3800000,House,4,5,5413,Austin
188000,Condo,1,1,608,Austin
227500,Condo,2,2,967,Austin
240000,Condo,2,3,1059,Austin
249900,House,3,2,1397,Austin
250000,House,2,2,1011,Austin
252500,Condo,2,2,967,Austin
285000,Condo,2,2,1028,Austin
285000,Condo,2,2,1028,Austin
285000,Condo,2,2,1028,Austin
290000,House,3,2,1646,Austin
329900,House,3,2,1714,Austin
339900,Condo,2,2,1020,Austin
350000,House,2,3,1434,Austin
354900,House,3,2,1618,Austin
354900,Condo,2,2,1410,Austin
374900,House,3,2,1676,Austin
375000,House,3,2,1502,Austin
375000,House,4,3,2223,Austin
375000,House,3,3,2403,Austin
379500,House,3,2,1184,Austin
385000,House,3,2,1543,Austin
420000,House,3,2,1015,Austin
425000,House,3,2,1825,Austin
425000,House,3,3,1758,Austin
425000,House,3,3,1560,Austin
425000,House,3,3,1568,Austin
434900,House,3,3,2221,Austin
459000,House,3,2,1856,Austin
460000,House,6,3,4172,Austin
465000,House,3,3,2187,Austin
470900,Condo,2,3,1313,Austin
475000,House,3,3,2379,Austin
499000,House,3,3,2248,Austin
499000,House,3,2,1570,Austin
499000,House,3,2,1912,Austin
500000,House,4,3,2531,Austin
550000,House,3,2,1492,Austin
550000,House,3,3,3088,Austin
550000,Duplex,0,0,2159,Austin
560000,House,3,2,1416,Austin
567000,Condo,2,2,1360,Austin
575000,House,4,4,3281,Austin
595000,Condo,3,4,1800,Austin
615000,House,3,2,1344,Austin
625000,House,4,3,3079,Austin
629900,Condo,3,3,1641,Austin
649900,House,3,3,1694,Austin
665000,Condo,2,2,1100,Austin
679000,House,5,3,2868,Austin
724500,House,3,4,1782,Austin
799000,House,3,2,1570,Austin
839500,House,4,3,2448,Austin
875000,House,4,3,2407,Austin
875000,House,4,3,2407,Austin
899000,House,3,3,1864,Austin
1200000,House,5,5,3603,Austin
1250000,House,5,3,3217,Austin
1300000,House,3,2,1515,Austin
1425000,House,4,4,3438,Austin
2500000,House,7,9,8721,Austin
3500000,House,4,4,3529,Austin
6200000,House,1,2,4803,Austin
150000,Condo,1,1,464,Austin
279000,House,4,2,1503,Austin
299500,House,4,3,2079,Austin
319900,Condo,2,2,918,Austin
320000,House,3,3,1522,Austin
355000,House,3,2,1688,Austin
374900,House,4,2,1852,Austin
420000,Condo,2,3,1550,Austin
425000,House,3,2,1557,Austin
449000,House,3,2,1572,Austin
450000,House,3,2,1704,Austin
465000,Townhouse,3,3,1295,Austin
500000,House,2,3,1099,Austin
549000,House,3,3,2181,Austin
575000,House,2,2,1014,Austin
649000,House,5,2,1775,Austin
800000,House,4,3,2777,Austin
839000,House,3,3,2314,Austin
1150000,Condo,2,3,3628,Austin
1300000,House,4,5,4198,Austin
110000,Condo,1,1,727,Austin
175900,Condo,1,1,400,Austin
229000,Condo,1,1,754,Austin
274900,Condo,1,1,380,Austin
334900,House,3,2,1270,Austin
334900,House,3,2,1270,Austin
365000,House,4,2,1446,Austin
378800,Condo,2,2,1144,Austin
479000,House,3,2,1276,Austin
565000,House,2,2,1877,Austin
575000,House,4,2,2170,Austin
585000,Condo,3,3,1841,Austin
585000,House,4,2,2124,Austin
610000,House,3,3,2231,Austin
625000,House,3,2,1666,Austin
705900,House,4,5,2895,Austin
785900,House,5,5,4199,Austin
933978,House,5,3,2339,Austin
1300000,House,5,4,3747,Austin
1375000,Duplex,0,0,3353,Austin
1599000,House,4,4,5954,Austin
1775000,Condo,4,3,1930,Austin
1995000,Condo,2,3,1743,Austin
4400000,House,5,8,8802,Austin
160000,Condo,2,2,952,Austin
335000,House,3,2,1359,Austin
474500,House,4,3,2246,Austin
525000,House,4,3,3040,Austin
549900,Condo,3,3,1807,Austin
600000,House,4,2,1772,Austin
600000,House,6,2,2133,Austin
600000,House,2,3,1081,Austin
609950,House,4,4,3354,Austin
699000,House,2,1,1346,Austin
729900,Condo,3,3,2133,Austin
750000,House,3,3,2213,Austin
850000,House,1,3,2210,Austin
175000,Condo,1,1,704,Austin
329900,House,4,2,2040,Austin
375000,House,3,2,1023,Austin
530000,House,4,4,2306,Austin
599000,Duplex,0,0,1865,Austin
280000,House,4,2,1516,Austin
319500,House,3,2,1046,Austin
319900,House,4,3,2102,Austin
325000,House,3,2,1107,Austin
332000,House,3,1,1040,Austin
345000,House,3,2,1637,Austin
349950,House,4,2,1616,Austin
350000,House,3,2,1383,Austin
350000,House,3,2,1540,Austin
352500,House,4,3,2070,Austin
374900,House,2,1,720,Austin
375000,House,3,2,1251,Austin
410000,Duplex,0,0,1908,Austin
419900,House,2,3,931,Austin
434700,Condo,3,3,1595,Austin
460000,House,3,3,2391,Austin
468000,House,3,3,2362,Austin
495000,House,3,3,1572,Austin
499088,Condo,3,3,1898,Austin
515000,House,3,2,2112,Austin
529900,House,3,3,1468,Austin
535000,House,3,2,1883,Austin
575000,House,3,3,2876,Austin
575000,House,4,3,2968,Austin
585000,House,4,4,2831,Austin
589000,House,4,3,2954,Austin
619000,Condo,3,3,1504,Austin
625000,House,4,5,3635,Austin
659000,House,4,4,3700,Austin
695000,Condo,2,3,1629,Austin
749900,House,4,3,1792,Austin
849000,House,3,3,2018,Austin
899000,House,3,3,2150,Austin
939000,House,3,4,2455,Austin
965000,House,3,3,2521,Austin
1064000,House,4,3,2875,Austin
1100000,House,4,4,4500,Austin
1175000,House,3,4,2611,Austin
1790000,House,5,5,4264,Austin
7995000,House,5,8,7917,Austin
145000,Condo,1,1,559,Austin
175000,Condo,1,1,668,Austin
249000,Condo,2,3,1236,Austin
255000,House,4,2,1514,Austin
270000,House,4,3,2345,Austin
275000,Condo,1,1,681,Austin
295000,House,3,2,1400,Austin
296200,House,3,2,1636,Austin
299900,House,3,3,1921,Austin
310000,House,3,3,1375,Austin
310000,Condo,3,3,1170,Austin
315000,House,3,2,1572,Austin
319900,House,4,3,1909,Austin
325000,House,5,4,2733,Austin
329900,Condo,2,2,820,Austin
330000,House,3,3,1650,Austin
339900,Condo,2,2,1280,Austin
340000,House,4,3,3206,Austin
347000,House,3,3,1847,Austin
349000,House,3,3,1570,Austin
350000,House,3,2,1369,Austin
362000,Condo,1,1,677,Austin
399999,House,3,2,1735,Austin
410000,House,5,3,2915,Austin
410000,House,4,2,1520,Austin
415000,House,3,2,1865,Austin
420000,House,3,2,2173,Austin
420000,House,3,3,2443,Austin
420000,House,4,3,2209,Austin
420000,Condo,3,3,1890,Austin
439000,House,4,2,1738,Austin
439000,House,3,2,1577,Austin
449500,Condo,1,1,685,Austin
450000,House,3,3,2245,Austin
459000,House,3,2,1935,Austin
465000,House,3,2,1359,Austin
475000,House,4,4,2808,Austin
485000,House,3,2,2033,Austin
500000,House,4,3,3040,Austin
520000,House,2,1,876,Austin
524900,House,5,4,3318,Austin
525000,House,4,3,2647,Austin
525000,House,2,2,1115,Austin
530000,Condo,3,3,2673,Austin
549000,House,3,2,1526,Austin
559900,House,3,2,1540,Austin
569000,Condo,2,3,1751,Austin
570000,House,3,2,2147,Austin
580000,Duplex,0,0,2218,Austin
585000,House,4,4,2831,Austin
599900,House,3,2,1152,Austin
614000,Condo,1,1,684,Austin
630000,House,2,2,832,Austin
649900,Duplex,0,0,1750,Austin
650000,House,3,2,1565,Austin
650000,House,4,5,4060,Austin
675000,House,2,3,1100,Austin
689000,Condo,2,2,1289,Austin
695000,House,4,2,2160,Austin
710000,House,4,3,2958,Austin
725000,House,5,4,4072,Austin
725000,Condo,3,3,2154,Austin
730000,House,4,2,1885,Austin
749000,House,3,1,2470,Austin
750000,House,3,3,1464,Austin
755444,House,4,3,2814,Austin
818000,House,4,4,3534,Austin
849000,Condo,3,3,2399,Austin
899000,House,4,3,2728,Austin
910000,House,6,5,4954,Austin
995000,House,2,2,1336,Austin
1025000,House,5,5,3023,Austin
1150000,House,5,3,2242,Austin
1348000,House,5,4,2490,Austin
1350000,House,4,3,3845,Austin
1400000,House,4,3,2645,Austin
1700000,House,3,3,2562,Austin
1995000,House,4,4,4933,Austin
2190000,House,3,3,2543,Austin
2750000,House,3,5,3127,Austin
274000,House,3,2,1643,Austin
283900,House,3,3,1829,Austin
285000,House,3,2,1565,Austin
290000,Condo,2,2,970,Austin
295000,House,2,2,1166,Austin
295000,Condo,3,3,1942,Austin
295000,House,3,2,1758,Austin
310000,House,3,2,1073,Austin
319000,Condo,1,1,785,Austin
325000,Condo,2,2,904,Austin
329850,Townhouse,2,3,1304,Austin
343500,House,4,3,2240,Austin
365000,House,4,2,1386,Austin
375000,House,2,2,1145,Austin
379000,House,4,3,1858,Austin
380000,House,3,2,1589,Austin
386006,House,4,4,1900,Austin
389000,Condo,3,2,1181,Austin
394900,Townhouse,3,2,1480,Austin
395000,House,3,3,2460,Austin
395000,Condo,4,3,2268,Austin
399950,House,4,2,1480,Austin
405000,House,4,3,1724,Austin
415000,House,3,3,2035,Austin
420000,House,4,3,2310,Austin
460000,Condo,3,2,1100,Austin
475000,House,4,3,2641,Austin
485000,House,3,2,2200,Austin
485999,House,5,3,2030,Austin
490000,House,3,2,1664,Austin
495000,House,3,3,2324,Austin
495000,House,4,3,2573,Austin
499000,House,4,3,2303,Austin
535000,House,3,2,2150,Austin
545000,House,4,2,2366,Austin
545000,House,4,2,2366,Austin
550000,House,3,4,2944,Austin
560000,House,4,2,2494,Austin
599900,House,2,1,870,Austin
604374,House,4,3,2785,Austin
695000,Condo,2,3,1629,Austin
749000,House,4,4,3403,Austin
799900,House,2,2,1503,Austin
843000,House,3,2,1775,Austin
870000,Condo,2,2,1128,Austin
899000,House,4,3,2441,Austin
925000,House,3,3,2983,Austin
1175000,House,4,3,2740,Austin
1259000,House,4,4,3501,Austin
1259000,House,4,4,3501,Austin
1325000,House,4,4,3310,Austin
1325000,House,4,4,3310,Austin
1750000,House,3,4,2593,Austin
1999000,House,4,4,3011,Austin
2100000,House,4,5,3578,Austin
2250000,House,5,6,5227,Austin
2250000,House,5,5,5940,Austin
2550000,House,5,5,3564,Austin
170000,Condo,1,1,528,Austin
189000,Condo,2,2,1072,Austin
209000,Condo,2,1,820,Austin
240000,House,4,3,2184,Austin
279000,Condo,2,3,1030,Austin
285000,House,4,2,1058,Austin
296600,House,3,3,1422,Austin
326600,House,4,3,1916,Austin
335000,House,3,2,1355,Austin
339900,House,4,2,1666,Austin
345000,Condo,3,3,1474,Austin
347000,House,3,2,2389,Austin
360000,Condo,1,1,865,Austin
365000,House,3,2,1572,Austin
370000,House,4,3,2268,Austin
375000,House,4,2,1547,Austin
377555,House,3,1,1028,Austin
395948,House,4,4,1998,Austin
425000,House,3,1,963,Austin
435000,House,3,2,1632,Austin
449500,House,2,1,858,Austin
455000,Condo,1,1,732,Austin
455000,House,3,3,2148,Austin
470000,Condo,1,1,687,Austin
499000,House,2,3,936,Austin
520000,House,3,3,1728,Austin
520000,House,3,2,1056,Austin
540000,House,4,3,2504,Austin
555200,House,3,1,816,Austin
950000,House,3,4,2152,Austin
950000,House,3,3,2317,Austin
1200000,House,3,2,2122,Austin
1890000,House,4,3,3016,Austin
174900,House,3,2,1314,Austin
250000,Condo,2,2,1051,Austin
259000,Condo,2,3,1223,Austin
294750,Condo,3,3,1620,Austin
294750,Condo,3,3,1620,Austin
304750,Condo,3,3,1792,Austin
305000,Condo,2,2,905,Austin
312750,Condo,3,3,1729,Austin
315000,House,3,2,1645,Austin
333135,Condo,4,3,1945,Austin
333135,Condo,4,3,1945,Austin
339000,House,3,3,1985,Austin
349000,House,4,2,1222,Austin
430000,House,3,2,1709,Austin
435900,House,3,2,2326,Austin
450000,House,2,2,1694,Austin
450000,House,2,1,780,Austin
492248,Condo,4,4,2359,Austin
495000,House,3,2,1740,Austin
525000,Condo,1,1,801,Austin
535000,House,3,2,2026,Austin
559000,House,3,3,2153,Austin
565000,Duplex,0,0,2539,Austin
600000,House,3,2,2266,Austin
689000,House,2,1,732,Austin
730000,House,2,2,1442,Austin
744600,Condo,3,3,2294,Austin
750000,House,3,2,800,Austin
839900,House,3,3,2167,Austin
898000,Condo,2,3,1610,Austin
929000,Condo,3,3,2610,Austin
2169000,Condo,2,3,2418,Austin
2495000,House,4,6,5797,Austin
4999999,House,5,7,9517,Austin
6500000,House,6,10,12206,Austin
167000,Condo,1,1,668,Austin
215000,Condo,2,1,872,Austin
250000,House,3,1,984,Austin
315000,Condo,3,2,1618,Austin
338000,Condo,2,1,666,Austin
520000,House,4,2,1940,Austin
730000,Duplex,0,0,1442,Austin
999990,House,5,4,4578,Austin
1295000,House,6,4,4782,Austin
2195000,House,4,5,2962,Austin
296900,House,3,2,1212,Austin
299000,House,3,3,1835,Austin
325000,House,4,2,1610,Austin
349000,House,3,3,1554,Austin
399000,Condo,1,1,638,Austin
415000,House,3,2,1499,Austin
419700,House,4,2,2080,Austin
430000,House,4,1,1216,Austin
458000,House,3,2,2100,Austin
495000,Condo,2,1,1205,Austin
510000,Condo,2,2,1975,Austin
559000,Townhouse,2,3,1709,Austin
565000,House,3,3,3249,Austin
649000,House,3,3,3282,Austin
739000,House,4,3,3417,Austin
900000,House,4,4,3363,Austin
1750000,House,4,4,2993,Austin
157900,Condo,2,2,802,Austin
195000,House,3,2,974,Austin
225000,Condo,2,2,1017,Austin
243900,Condo,2,1,916,Austin
254900,House,3,3,1795,Austin
289000,Condo,2,2,1144,Austin
300000,Condo,1,2,1125,Austin
309900,House,3,3,2408,Austin
317500,Condo,2,3,1480,Austin
317900,Condo,2,2,875,Austin
325000,Condo,3,3,1707,Austin
349900,House,4,3,2074,Austin
359000,House,3,3,1698,Austin
375000,House,3,2,1384,Austin
375000,House,3,3,1832,Austin
385000,House,5,3,2364,Austin
399000,Condo,1,1,995,Austin
400000,House,2,1,672,Austin
400000,Townhouse,2,2,1395,Austin
419500,House,2,3,869,Austin
424900,House,4,2,1915,Austin
425000,House,3,3,1674,Austin
449000,House,3,3,2040,Austin
459000,House,3,1,996,Austin
470000,Condo,2,2,966,Austin
474900,House,4,2,1254,Austin
479000,House,2,1,1008,Austin
482000,House,3,1,990,Austin
496000,House,4,2,1898,Austin
499000,House,4,2,2036,Austin
510000,Condo,3,2,1721,Austin
549900,House,3,3,2509,Austin
568000,House,2,2,1730,Austin
635000,House,2,1,1292,Austin
649900,House,4,3,2646,Austin
665000,House,4,3,2571,Austin
695000,House,4,2,2245,Austin
749000,House,4,3,2756,Austin
775000,Condo,3,3,1500,Austin
920000,House,4,4,2532,Austin
1149000,House,3,4,3248,Austin
1300000,Duplex,0,0,4536,Austin
1725000,House,6,5,5187,Austin
1800000,House,3,2,1972,Austin
1995000,Condo,2,2,1890,Austin
5900000,House,7,9,9727,Austin
169000,Condo,1,1,620,Austin
172999,Condo,1,1,582,Austin
215000,Condo,1,1,680,Austin
225000,House,3,2,1231,Austin
249550,Condo,1,1,713,Austin
254900,House,3,2,1203,Austin
260000,Condo,3,2,1141,Austin
265000,House,3,2,1393,Austin
268900,House,3,2,1423,Austin
290000,House,3,2,1188,Austin
299900,Condo,2,2,829,Austin
320000,House,3,2,1359,Austin
325000,House,3,2,1894,Austin
332900,House,3,2,1287,Austin
339900,House,4,3,2679,Austin
350000,House,3,2,1218,Austin
350000,Duplex,0,0,1520,Austin
369999,House,4,3,2587,Austin
379900,Condo,3,4,2466,Austin
399900,House,3,2,1582,Austin
399900,House,4,3,2130,Austin
400000,House,1,1,666,Austin
429000,Condo,1,1,687,Austin
430000,House,3,2,1438,Austin
440000,House,4,2,1556,Austin
449000,House,3,3,2017,Austin
450000,House,3,2,1823,Austin
450000,House,2,2,2200,Austin
470000,House,3,2,1160,Austin
470000,Condo,3,2,1160,Austin
499900,House,4,3,2442,Austin
500000,House,4,3,2356,Austin
520000,House,5,3,2880,Austin
525000,House,3,2,1594,Austin
536900,House,4,2,2413,Austin
540000,House,3,1,786,Austin
550000,House,3,4,2655,Austin
560000,House,4,2,1580,Austin
562500,House,3,2,1532,Austin
589900,House,4,3,2808,Austin
598000,Townhouse,3,3,1872,Austin
618382,Condo,1,1,663,Austin
620000,House,3,2,1701,Austin
626013,House,4,3,2545,Austin
638880,House,3,2,1904,Austin
649999,House,4,3,3033,Austin
665000,House,4,2,1782,Austin
680000,House,3,3,2210,Austin
680000,Condo,3,4,1687,Austin
695000,House,4,3,2546,Austin
695000,House,3,3,2002,Austin
695000,House,4,2,2245,Austin
699000,House,5,5,3827,Austin
699000,House,3,2,1444,Austin
700000,Townhouse,3,3,2418,Austin
710000,House,4,3,2890,Austin
724000,House,4,3,3442,Austin
749000,House,5,5,3996,Austin
750000,House,4,3,2938,Austin
799000,House,4,4,3495,Austin
875000,House,5,4,3986,Austin
899000,House,3,3,2290,Austin
935000,House,3,4,2430,Austin
1050000,Condo,2,3,1423,Austin
1051000,House,4,4,2812,Austin
1250000,Condo,2,2,1697,Austin
1399350,House,6,5,3108,Austin
1750000,House,3,2,1995,Austin
2198500,Condo,3,3,2517,Austin
2900000,House,8,8,11388,Austin
169900,Condo,1,1,546,Austin
179000,Condo,2,2,850,Austin
210000,Condo,2,1,908,Austin
235000,House,3,2,998,Austin
240000,House,3,2,1080,Austin
244990,House,5,3,2184,Austin
274900,House,3,2,1370,Austin
280000,Condo,2,2,964,Austin
295000,Condo,2,2,814,Austin
299000,House,4,2,1153,Austin
310000,House,3,2,1428,Austin
345000,House,3,2,1184,Austin
349900,House,3,3,1660,Austin
350000,House,3,3,2850,Austin
375000,House,3,3,1643,Austin
375000,House,4,3,1684,Austin
395000,House,3,3,1886,Austin
399900,House,3,3,1916,Austin
399900,House,3,2,1780,Austin
400000,Condo,3,3,1677,Austin
415000,House,3,2,1579,Austin
419500,House,3,3,2540,Austin
425000,House,3,2,1074,Austin
425000,House,3,2,1422,Austin
435000,Condo,3,3,1884,Austin
439000,House,3,2,1659,Austin
449000,House,2,1,996,Austin
450000,House,2,1,768,Austin
450000,Condo,3,3,1844,Austin
475000,House,3,2,1312,Austin
495000,House,3,4,2408,Austin
499000,House,3,3,2055,Austin
500000,Townhouse,4,3,2031,Austin
515000,House,3,2,1566,Austin
519000,House,3,2,1606,Austin
530000,House,4,4,2609,Austin
550000,House,3,3,2433,Austin
585000,House,3,2,1191,Austin
599900,House,4,3,2595,Austin
617000,Condo,3,3,1768,Austin
634900,Condo,3,4,1815,Austin
639000,House,5,4,3646,Austin
647000,Townhouse,3,3,1900,Austin
650000,House,4,3,3209,Austin
675000,House,4,3,2574,Austin
675000,House,3,3,2143,Austin
679000,Condo,2,2,1286,Austin
689900,House,3,2,1176,Austin
768500,House,4,3,2122,Austin
875000,House,5,4,3986,Austin
899000,House,5,3,3648,Austin
1150000,Duplex,0,0,6492,Austin
1200000,House,3,4,2926,Austin
1200000,House,3,2,2106,Austin
1289242,Condo,2,2,1697,Austin
1349000,House,4,3,2521,Austin
1595000,House,4,5,5170,Austin
1980000,House,4,4,3606,Austin
139900,Condo,1,1,714,Austin
169900,Condo,1,1,640,Austin
188000,Condo,1,1,372,Austin
226000,Condo,3,2,1408,Austin
229500,Condo,3,2,1192,Austin
259900,Condo,3,3,1260,Austin
300000,House,2,1,1080,Austin
310000,House,3,2,1535,Austin
310000,House,3,3,1921,Austin
315000,Condo,1,1,638,Austin
319500,Condo,2,2,938,Austin
329900,Condo,2,2,1000,Austin
345000,House,4,3,2227,Austin
372400,Condo,1,1,781,Austin
389900,Condo,2,3,1448,Austin
389900,Condo,2,3,1448,Austin
394900,House,3,2,1441,Austin
425000,House,2,3,921,Austin
464900,House,3,3,1097,Austin
475000,House,4,2,2493,Austin
475000,House,3,3,1923,Austin
489000,Condo,3,3,2260,Austin
525000,Condo,3,3,1493,Austin
535000,Condo,3,2,1019,Austin
580000,House,4,4,2617,Austin
625000,House,3,2,1954,Austin
650000,House,5,2,2115,Austin
655000,Condo,2,2,983,Austin
699000,Duplex,0,0,2408,Austin
1189000,House,4,4,4028,Austin
1450000,House,4,4,4296,Austin
1690000,House,5,5,7103,Austin
2128000,House,3,4,3520,Austin
2195000,House,4,5,2962,Austin
3100000,Duplex,0,0,4571,Austin
3100000,House,7,5,4571,Austin
3200000,House,4,5,5103,Austin
3295000,Condo,3,4,2822,Austin
3500000,House,6,7,7872,Austin
150000,Condo,1,1,661,Austin
195000,House,3,2,942,Austin
259900,Condo,3,3,1260,Austin
299900,House,3,2,1315,Austin
309900,Condo,2,2,863,Austin
346900,House,3,2,1454,Austin
349000,House,4,3,2200,Austin
350000,House,4,3,2450,Austin
359999,House,4,2,1605,Austin
372000,Townhouse,3,3,2299,Austin
395000,House,4,2,2109,Austin
400000,House,3,2,1802,Austin
435000,Duplex,0,0,1733,Austin
440000,House,4,2,1560,Austin
450000,House,3,3,2023,Austin
450000,House,4,2,1831,Austin
450000,House,4,3,1951,Austin
500000,Duplex,0,0,1980,Austin
554000,Condo,1,1,699,Austin
570000,Condo,1,1,740,Austin
575000,Condo,2,2,1252,Austin
603000,Condo,1,1,740,Austin
675000,House,2,4,1216,Austin
679888,House,2,1,1168,Austin
810000,Condo,1,2,1036,Austin
875000,Condo,3,3,2152,Austin
1500000,House,4,5,6069,Austin
2799000,House,5,5,3625,Austin
168000,House,5,3,2390,Austin
255000,Condo,1,1,525,Austin
299500,House,3,2,2056,Austin
339000,House,3,2,1844,Austin
380000,House,2,2,1224,Austin
415000,House,3,3,1409,Austin
450000,House,3,2,1823,Austin
495000,Condo,2,2,1294,Austin
500000,House,4,3,2105,Austin
535000,House,3,2,2055,Austin
610841,House,4,3,2785,Austin
629000,House,3,2,1818,Austin
949000,Condo,3,3,1693,Austin
1399000,House,5,5,3835,Austin
1862000,Condo,3,3,2179,Austin
1949500,House,4,4,3288,Austin
176975,Condo,1,1,668,Austin
230000,House,3,2,1405,Austin
239900,Condo,2,1,1194,Austin
290000,Condo,2,2,1101,Austin
335875,House,3,2,1442,Austin
399500,House,3,2,1154,Austin
489900,House,4,4,2655,Austin
500000,House,5,3,1668,Austin
625000,House,3,3,2132,Austin
650000,Duplex,0,0,1515,Austin
685000,House,3,3,1768,Austin
60900,House,2,1,723,Dallas
179900,House,3,1,936,Dallas
269000,House,4,2,1939,Dallas
735000,House,3,2,2227,Dallas
165000,Condo,3,2,1318,Dallas
599000,House,4,3,2148,Dallas
849000,House,5,4,3616,Dallas
550000,House,2,3,2258,Dallas
1179000,House,3,3,3503,Dallas
5100000,Condo,4,5,4702,Dallas
190000,House,3,2,1252,Dallas
259900,House,3,2,1235,Dallas
615000,House,4,4,2972,Dallas
725000,House,3,3,2286,Dallas
5500000,House,5,8,11476,Dallas
80000,House,3,1,1026,Dallas
410000,Duplex,4,2,969,Dallas
460000,House,4,3,2378,Dallas
789500,House,3,3,2384,Dallas
329000,House,2,2,1657,Dallas
430000,Condo,3,4,2101,Dallas
795000,House,4,3,3304,Dallas
1000000,House,3,4,2894,Dallas
165000,Condo,3,3,1389,Dallas
115900,Condo,1,1,665,Dallas
190000,House,3,2,2238,San-Antonio
195000,House,3,3,2144,San-Antonio
210000,Townhouse,3,2,1999,San-Antonio
260000,House,4,2,1748,San-Antonio
289000,House,3,2,1936,San-Antonio
325000,House,3,2,2349,San-Antonio
425000,House,4,2,1809,San-Antonio
449900,House,4,4,3408,San-Antonio
475000,House,4,2,2180,San-Antonio
525000,House,4,4,2812,San-Antonio
599900,House,4,3,3203,San-Antonio
699000,House,4,4,3186,San-Antonio
799000,House,3,3,2586,San-Antonio
799000,House,4,5,4081,San-Antonio
1175000,House,5,7,5703,San-Antonio
1400000,House,6,7,5786,San-Antonio
2785000,House,7,8,6010,San-Antonio
150000,House,3,1,1437,San-Antonio
195000,House,3,2,1360,San-Antonio
223696,House,3,3,1758,San-Antonio
230000,House,3,2,1577,San-Antonio
240000,House,2,2,1465,San-Antonio
330000,House,4,3,2740,San-Antonio
335000,House,4,3,2778,San-Antonio
1999000,House,4,4,4080,San-Antonio
135000,Condo,2,2,952,San-Antonio
189987,House,3,2,1595,San-Antonio
308000,House,3,2,1660,San-Antonio
129000,House,2,1,714,San-Antonio
159000,House,3,1,954,San-Antonio
165000,House,2,1,960,San-Antonio
169900,House,4,2,1697,San-Antonio
175000,House,2,1,996,San-Antonio
185000,House,3,2,1608,San-Antonio
185900,House,4,2,1826,San-Antonio
209000,House,3,2,1367,San-Antonio
214000,Condo,2,2,1490,San-Antonio
237500,House,4,3,2725,San-Antonio
349000,House,3,3,1299,San-Antonio
349000,House,3,2,2149,San-Antonio
350000,House,4,3,2557,San-Antonio
417000,House,4,4,2909,San-Antonio
575000,House,3,4,3946,San-Antonio
895000,House,4,5,5070,San-Antonio
7000000,House,9,9,9089,San-Antonio
165000,House,2,1,960,San-Antonio
199999,House,3,2,1739,San-Antonio
229000,House,4,2,1680,San-Antonio
247000,House,2,2,948,San-Antonio
249997,House,4,3,2444,San-Antonio
330000,House,3,3,2254,San-Antonio
365000,House,5,3,3178,San-Antonio
380000,House,3,2,2024,San-Antonio
415000,House,3,2,1798,San-Antonio
284900,House,3,2,1879,San-Antonio
204900,House,3,2,1741,San-Antonio
220500,House,3,2,1646,San-Antonio
240000,House,4,3,2490,San-Antonio
269000,House,5,3,3288,San-Antonio
325000,Townhouse,2,3,1269,San-Antonio
385000,House,4,3,2847,San-Antonio
425000,House,5,4,3096,San-Antonio
660000,House,4,4,3562,San-Antonio
168500,House,3,2,1166,San-Antonio
175000,House,3,2,1387,San-Antonio
200000,House,3,2,1471,San-Antonio
210000,House,3,3,2016,San-Antonio
249900,House,4,2,2200,San-Antonio
283500,House,4,3,2392,San-Antonio
344500,House,3,2,1792,San-Antonio
359900,House,4,2,2097,San-Antonio
455000,House,4,3,2376,San-Antonio
545000,House,3,3,2866,San-Antonio
565000,House,5,4,3431,San-Antonio
195000,House,3,2,1436,San-Antonio
475000,House,4,4,3356,San-Antonio
765000,House,4,4,4438,San-Antonio
950000,House,5,7,6682,San-Antonio
1025000,House,4,6,4722,San-Antonio
144900,Condo,2,2,1200,San-Antonio
209900,House,2,2,1303,San-Antonio
220000,House,3,3,2058,San-Antonio
235000,House,4,2,2100,San-Antonio
200000,House,3,2,1518,San-Antonio
249999,House,3,3,1643,San-Antonio
289500,House,3,3,2419,San-Antonio
107500,Condo,1,1,773,San-Antonio
1200000,House,3,4,4030,San-Antonio
159900,House,3,1,1064,San-Antonio
299999,House,3,3,2806,San-Antonio
150000,Condo,2,2,1605,San-Antonio
189000,House,3,2,1448,San-Antonio
199000,Condo,2,2,1392,San-Antonio
260000,House,3,2,2134,San-Antonio
298000,Condo,3,3,1499,San-Antonio
298000,Condo,3,4,1687,San-Antonio
338100,House,4,5,2622,San-Antonio
499000,House,4,3,2263,San-Antonio
575000,House,4,4,4100,San-Antonio
1195000,House,4,5,3925,San-Antonio
119000,House,2,1,921,San-Antonio
145000,House,3,2,1080,San-Antonio
178000,Condo,3,3,2095,San-Antonio
220000,House,3,3,1657,San-Antonio
272000,House,4,2,1931,San-Antonio
275000,House,3,2,1938,San-Antonio
400000,House,4,4,3246,San-Antonio
415000,House,4,4,3055,San-Antonio
559000,House,4,4,3344,San-Antonio
799900,Townhouse,3,4,2573,San-Antonio
189000,House,4,3,2175,San-Antonio
349900,House,3,4,2569,San-Antonio
1500000,House,4,4,4931,San-Antonio
260000,House,3,2,2166,San-Antonio
499900,House,4,4,3043,San-Antonio
1050000,House,5,5,5127,San-Antonio
1495000,House,6,6,4857,San-Antonio
170000,House,3,1,1020,San-Antonio
209900,House,3,3,2160,San-Antonio
379900,House,3,2,2349,San-Antonio
193500,House,3,3,1582,San-Antonio
95000,House,2,1,741,San-Antonio
208000,House,3,2,1714,San-Antonio
332000,House,3,3,4143,San-Antonio
395000,Condo,4,4,2445,San-Antonio
435000,Condo,2,2,1873,San-Antonio
450000,House,3,3,2143,San-Antonio
130000,House,3,2,1517,San-Antonio
145000,House,3,2,1682,San-Antonio
167000,House,3,2,1584,San-Antonio
224500,House,3,2,2074,San-Antonio
275000,House,3,2,1828,San-Antonio
279000,Condo,1,1,1000,San-Antonio
405000,House,4,4,2911,San-Antonio
560000,Condo,2,3,2043,San-Antonio
1045000,House,4,6,3900,San-Antonio
223900,House,3,2,1729,San-Antonio
465000,House,4,4,3711,San-Antonio
270000,House,3,3,2425,San-Antonio
833000,House,4,7,3988,San-Antonio
132000,Condo,2,2,1155,San-Antonio
179900,House,3,3,1724,San-Antonio
194500,House,4,3,2280,San-Antonio
200000,House,4,3,2288,San-Antonio
215000,House,2,2,1264,San-Antonio
310000,House,4,3,2561,San-Antonio
314500,House,3,2,1553,San-Antonio
352000,House,4,3,2519,San-Antonio
365000,House,4,4,4216,San-Antonio
405000,House,3,2,2783,San-Antonio
409987,House,3,3,2151,San-Antonio
457900,House,4,3,3435,San-Antonio
650000,House,4,5,4794,San-Antonio
989000,House,4,5,4630,San-Antonio
239900,House,4,2,1932,San-Antonio
825000,House,4,5,4151,San-Antonio
2250000,House,6,7,6427,San-Antonio
200000,House,3,2,1467,San-Antonio
250000,House,2,1,1218,San-Antonio
446000,House,5,3,3850,San-Antonio
899999,House,4,3,4764,San-Antonio
120000,House,2,1,1004,San-Antonio
130000,House,3,1,976,San-Antonio
138000,House,2,1,970,San-Antonio
150000,House,2,2,1496,San-Antonio
169000,House,4,2,1382,San-Antonio
185000,House,3,3,1404,San-Antonio
204999,Condo,2,3,1695,San-Antonio
205000,House,3,2,2400,San-Antonio
205000,House,4,2,1536,San-Antonio
210000,House,4,2,2582,San-Antonio
210000,House,2,1,1449,San-Antonio
215000,House,5,3,2124,San-Antonio
219000,House,3,2,1930,San-Antonio
230000,House,3,3,2535,San-Antonio
235000,House,4,3,2341,San-Antonio
235000,House,4,2,1697,San-Antonio
274900,House,4,3,2640,San-Antonio
280000,Condo,1,1,966,San-Antonio
288000,House,4,3,2266,San-Antonio
300000,Condo,2,3,1885,San-Antonio
329900,House,3,2,1719,San-Antonio
339000,House,2,2,1544,San-Antonio
348000,House,3,3,2397,San-Antonio
359000,House,4,2,2267,San-Antonio
420000,House,3,2,2354,San-Antonio
425000,House,4,3,3278,San-Antonio
434000,House,3,2,2354,San-Antonio
513000,House,3,2,2893,San-Antonio
515000,House,4,4,2618,San-Antonio
537000,House,4,4,3409,San-Antonio
570389,House,4,4,3304,San-Antonio
587000,House,5,5,4180,San-Antonio
689000,House,4,4,4029,San-Antonio
750000,House,4,3,3565,San-Antonio
895000,House,5,5,4468,San-Antonio
910000,House,4,6,5051,San-Antonio
1100000,House,4,5,5265,San-Antonio
1195000,House,6,4,5823,San-Antonio
1375000,House,4,4,3350,San-Antonio
280000,House,4,2,2300,San-Antonio
489900,House,3,3,2826,San-Antonio
140000,House,3,2,1565,San-Antonio
190000,House,3,3,1469,San-Antonio
205000,House,3,2,1934,San-Antonio
245000,House,3,3,2109,San-Antonio
257500,House,2,1,976,San-Antonio
260000,House,3,3,2303,San-Antonio
269500,House,2,2,1397,San-Antonio
420000,Townhouse,4,4,3326,San-Antonio
440000,House,4,5,3883,San-Antonio
168000,House,3,2,1278,San-Antonio
210000,House,4,2,1834,San-Antonio
350000,House,4,2,2045,San-Antonio
789000,House,6,5,4220,San-Antonio
1050000,Townhouse,4,4,3117,San-Antonio
1550000,Townhouse,3,4,3204,San-Antonio
1499000,House,5,6,7160,San-Antonio
150000,House,2,1,999,San-Antonio
174100,House,2,1,756,San-Antonio
825000,House,4,5,3468,San-Antonio
267900,Condo,3,3,1768,San-Antonio
325000,House,4,3,2347,San-Antonio
499000,Townhouse,3,4,1896,San-Antonio
650000,House,4,3,2417,San-Antonio
560000,House,5,5,4180,San-Antonio
574054,Townhouse,3,3,1771,San-Antonio
1160000,House,4,4,3509,San-Antonio
1725000,House,5,4,5801,San-Antonio
242000,House,5,3,2541,San-Antonio
299900,House,2,1,1280,San-Antonio
369900,House,3,2,1501,San-Antonio
399900,House,4,3,2916,San-Antonio
492575,Townhouse,3,3,1615,San-Antonio
1824900,House,5,7,6492,San-Antonio
238000,House,4,3,2513,San-Antonio
249900,House,4,4,2888,San-Antonio
865000,House,5,4,4078,San-Antonio
875000,House,3,4,3997,San-Antonio
950000,House,5,4,4212,San-Antonio
1198000,House,4,4,2937,San-Antonio
240000,House,5,3,2490,San-Antonio
294900,House,4,2,2130,San-Antonio
775000,House,3,3,2185,San-Antonio
292000,House,4,3,2345,San-Antonio
129900,House,3,1,1305,San-Antonio
159500,Condo,2,3,1130,San-Antonio
329900,Condo,1,1,766,San-Antonio
750000,Condo,2,2,1520,San-Antonio
485000,House,3,2,1933,San-Antonio
498000,House,3,3,2571,San-Antonio
480000,Townhouse,2,3,1687,San-Antonio
535000,Townhouse,3,4,1896,San-Antonio
560000,Townhouse,3,4,1990,San-Antonio
499000,House,3,3,2399,San-Antonio
329900,House,4,3,2366,San-Antonio
425000,Condo,1,2,1054,San-Antonio
695000,House,4,5,3114,San-Antonio
129900,House,3,1,1056,San-Antonio
167500,House,2,1,1179,San-Antonio
215000,House,3,3,1886,San-Antonio
225000,House,3,2,1803,San-Antonio
350000,House,4,4,3206,San-Antonio
489500,House,4,4,3573,San-Antonio
209900,House,4,2,1793,San-Antonio
164000,House,3,3,1803,San-Antonio
183000,House,3,3,1415,San-Antonio
199900,House,3,2,1781,San-Antonio
216000,House,5,4,2149,San-Antonio
265999,House,4,2,1919,San-Antonio
274900,Condo,1,1,905,San-Antonio
312000,House,3,2,1979,San-Antonio
385000,House,5,4,3627,San-Antonio
399900,Duplex,0,0,2744,San-Antonio
439900,House,4,4,3638,San-Antonio
449900,House,4,4,3831,San-Antonio
489000,House,4,4,3500,San-Antonio
489000,House,5,4,3742,San-Antonio
529000,House,4,4,3852,San-Antonio
720000,House,4,4,4476,San-Antonio
735000,House,6,6,5185,San-Antonio
765000,Condo,2,3,2051,San-Antonio
1190000,House,5,6,4315,San-Antonio
1285000,House,5,5,4770,San-Antonio
1640000,House,6,7,6100,San-Antonio
1699000,House,5,6,6196,San-Antonio
359900,House,3,2,1874,San-Antonio
275000,House,3,2,2020,San-Antonio
410000,House,3,3,2409,San-Antonio
255000,House,3,2,1899,San-Antonio
329900,House,4,2,2164,San-Antonio
399000,House,2,1,1261,San-Antonio
775000,House,3,3,3350,San-Antonio
1150000,Condo,2,4,4014,San-Antonio
390000,House,4,5,3660,San-Antonio
550000,House,4,4,3380,San-Antonio
239999,House,5,4,2657,San-Antonio
2890000,House,4,4,3670,San-Antonio
259000,Condo,1,1,790,San-Antonio
745000,Condo,2,3,2563,San-Antonio
470000,House,3,3,1848,San-Antonio
1999000,House,4,5,4694,San-Antonio
3395000,House,4,5,5980,San-Antonio
325000,House,3,1,1054,San-Antonio
185000,House,5,3,2146,San-Antonio
155000,Condo,2,2,1130,San-Antonio
224900,House,3,1,1324,San-Antonio
675000,House,4,4,3439,San-Antonio
465000,House,3,3,2354,San-Antonio
630000,House,6,5,3206,San-Antonio
1400000,House,3,3,3813,San-Antonio
315000,House,4,3,2266,San-Antonio
1200000,House,4,5,3900,San-Antonio
160000,Condo,2,2,1370,San-Antonio
1690000,House,3,4,5400,San-Antonio
249000,House,3,2,1653,San-Antonio
455000,House,2,2,1762,San-Antonio
510000,House,5,4,2940,San-Antonio
349000,House,2,2,1936,San-Antonio
529999,House,3,3,2296,San-Antonio
281328,House,3,3,2036,San-Antonio
272000,House,5,3,2556,San-Antonio
1499000,House,7,8,6300,San-Antonio
1995000,Condo,2,3,2882,San-Antonio
2488800,Condo,3,5,3678,San-Antonio
1690000,House,5,6,6097,San-Antonio
368447,House,4,4,2935,San-Antonio
198800,House,2,1,1003,San-Antonio
2695000,House,4,5,5990,San-Antonio
500000,Condo,3,3,2169,San-Antonio
405000,House,4,3,2883,San-Antonio
280500,House,3,2,1110,San-Antonio
264900,House,4,3,3088,San-Antonio
475000,House,3,3,2513,San-Antonio
574900,Condo,2,3,2043,San-Antonio
4480000,House,7,10,9084,San-Antonio
216000,House,3,3,2714,San-Antonio
365000,House,3,3,1996,San-Antonio
1700000,House,4,6,5780,San-Antonio
137000,House,3,2,1288,San-Antonio
149900,House,3,2,1323,San-Antonio
695000,House,6,5,4179,San-Antonio
899000,Condo,3,3,1861,San-Antonio
1000000,House,3,4,4010,San-Antonio
1950000,House,5,6,7640,San-Antonio
271500,Condo,1,1,820,San-Antonio
529000,House,4,4,3058,San-Antonio
660000,House,5,5,4815,San-Antonio
1890000,House,5,4,5520,San-Antonio
168000,House,4,2,2000,San-Antonio
264900,House,3,2,1977,San-Antonio
175000,House,3,3,1612,San-Antonio
235750,House,3,2,1544,San-Antonio
241000,House,3,2,2501,San-Antonio
265000,House,4,3,2416,San-Antonio
725000,House,4,5,4502,San-Antonio
239888,House,4,2,2304,San-Antonio
325000,House,5,3,2868,San-Antonio
225000,House,3,3,2380,San-Antonio
299000,House,4,2,1641,San-Antonio
342500,House,3,2,2110,San-Antonio
465000,House,4,4,3174,San-Antonio
274500,House,4,2,2035,San-Antonio
350000,House,4,3,2668,San-Antonio
319000,House,3,2,1662,San-Antonio
80000,House,2,1,1164,San-Antonio
300000,House,4,3,2603,San-Antonio
749000,House,4,3,2900,San-Antonio
149900,House,3,1,1014,San-Antonio
250000,House,4,3,2856,San-Antonio
265000,House,4,3,2840,San-Antonio
155900,House,3,2,1380,San-Antonio
288560,House,3,2,2030,San-Antonio
359500,House,4,3,2577,San-Antonio
529000,House,3,3,3098,San-Antonio
675000,Condo,2,3,2242,San-Antonio
1325000,House,5,6,6901,San-Antonio
285000,House,4,3,2897,San-Antonio
339500,House,3,2,2046,San-Antonio
308000,House,3,3,2391,San-Antonio
329999,House,4,3,3068,San-Antonio
422900,House,4,2,2584,San-Antonio
475000,House,4,3,3810,San-Antonio
1350000,House,4,6,5522,San-Antonio
3950000,House,4,5,4672,San-Antonio
185000,House,3,2,1062,San-Antonio
225000,House,3,3,2651,San-Antonio
360000,House,4,3,3288,San-Antonio
149000,House,3,2,1556,San-Antonio
349000,House,3,2,1716,San-Antonio
525000,House,5,3,3397,San-Antonio
725000,House,4,5,3778,San-Antonio
200000,House,3,3,1372,San-Antonio
284900,House,4,3,3121,San-Antonio
609000,House,3,3,2196,San-Antonio
390000,House,4,4,3007,San-Antonio
465000,House,4,5,2521,San-Antonio
299900,House,4,2,2277,San-Antonio
325000,Land,0,0,5529,San-Antonio
328900,House,3,3,2752,San-Antonio
669000,House,4,4,3478,San-Antonio
1595000,House,3,5,5208,San-Antonio
120000,House,1,1,720,San-Antonio
2875000,Condo,3,5,7537,San-Antonio
6750000,Condo,6,10,15076,San-Antonio
599000,Land,0,0,226512,San-Antonio
149900,House,3,2,1483,San-Antonio
184000,House,3,3,1365,San-Antonio
462500,House,4,4,3956,San-Antonio
316998,House,3,2,2048,San-Antonio
1697000,House,4,5,4541,San-Antonio
135000,Townhouse,2,3,1142,San-Antonio
179987,House,3,2,1266,San-Antonio
212500,House,3,3,2073,San-Antonio
294900,Condo,3,3,2957,San-Antonio
297000,House,3,3,2233,San-Antonio
949900,House,4,4,3208,San-Antonio
261000,House,3,3,2068,San-Antonio
450000,Condo,2,2,1907,San-Antonio
279999,House,3,3,2227,San-Antonio
415000,House,4,3,3345,San-Antonio
1999999,House,5,6,5682,San-Antonio
750000,House,3,4,3358,San-Antonio
290000,House,4,2,2026,San-Antonio
1695000,House,5,4,5752,San-Antonio
699000,House,4,4,3979,San-Antonio
5750000,House,6,7,10163,San-Antonio
329900,House,3,2,2123,San-Antonio
459950,House,3,3,1824,San-Antonio
479000,House,5,4,3842,San-Antonio
230000,House,3,2,1890,San-Antonio
262300,House,3,2,2400,San-Antonio
350000,House,2,2,2630,San-Antonio
420000,House,3,2,2724,San-Antonio
625000,House,5,5,4126,San-Antonio
1200000,House,4,4,3500,San-Antonio
2150000,House,5,7,6705,San-Antonio
159000,House,2,1,1056,San-Antonio
267900,House,5,4,2679,San-Antonio
289000,House,4,3,2693,San-Antonio
430000,House,3,3,2596,San-Antonio
250000,House,3,1,1192,San-Antonio
308995,House,3,2,2325,San-Antonio
998000,House,3,3,3304,San-Antonio
265000,House,5,4,2793,San-Antonio
359900,House,4,4,3335,San-Antonio
218000,House,4,3,2325,San-Antonio
3500000,House,4,6,7660,San-Antonio
820000,House,4,4,5308,San-Antonio
150000,House,3,3,1708,San-Antonio
216000,House,3,3,2235,San-Antonio
2500000,House,2,5,6499,San-Antonio
2900000,House,5,6,7034,San-Antonio
5400000,House,7,11,13532,San-Antonio
155000,House,3,3,1554,San-Antonio
167500,House,3,3,2175,San-Antonio
615000,Condo,2,2,1499,San-Antonio
280000,House,3,2,2207,San-Antonio
138500,House,3,2,1386,San-Antonio
184900,House,4,2,1770,San-Antonio
1235500,Condo,2,2,1765,San-Antonio
399900,House,3,3,2839,San-Antonio
269900,House,3,3,2162,San-Antonio
635000,Condo,2,2,1535,San-Antonio
153000,House,4,2,1492,San-Antonio
180000,House,3,3,1536,San-Antonio
202500,House,3,2,1438,San-Antonio
209900,House,4,3,3208,San-Antonio
215000,House,3,2,1507,San-Antonio
240000,House,4,2,2093,San-Antonio
299900,House,3,2,2526,San-Antonio
393700,House,4,4,2810,San-Antonio
164000,House,3,1,1014,San-Antonio
530145,Condo,1,2,891,San-Antonio
148000,House,3,1,1200,San-Antonio
349900,House,4,3,2929,San-Antonio
179000,House,1,2,1302,San-Antonio
229000,House,4,4,2757,San-Antonio
211900,House,3,3,2044,San-Antonio
1999000,House,7,8,7319,San-Antonio
1276943,Condo,3,4,2175,San-Antonio
643800,Condo,2,4,1073,San-Antonio
1435435,Condo,3,5,2009,San-Antonio
1993600,Condo,3,5,2848,San-Antonio
3962700,Condo,3,7,5661,San-Antonio
389500,House,3,4,2589,San-Antonio
3973200,Condo,3,5,5676,San-Antonio
488160,Condo,1,2,904,San-Antonio
613993,Condo,2,4,1093,San-Antonio
652195,Condo,2,2,1007,San-Antonio
727020,Condo,2,1,904,San-Antonio
1507096,Condo,3,4,2480,San-Antonio
3045700,Condo,4,6,4351,San-Antonio
3295005,Condo,4,5,4483,San-Antonio
4806375,Condo,3,5,7324,San-Antonio
215000,House,2,2,1264,San-Antonio
250000,House,3,1,1570,San-Antonio
575000,House,4,4,4206,San-Antonio
230000,House,6,3,1497,San-Antonio
179000,House,1,2,1302,San-Antonio
289000,House,3,2,1854,San-Antonio
310000,House,4,3,1826,San-Antonio
150000,House,2,2,1496,San-Antonio
325000,House,3,2,1850,San-Antonio
150000,House,2,1,1152,San-Antonio
197999,House,3,2,1316,San-Antonio
196200,House,3,2,1285,San-Antonio
